,Size,Algorithm,Time (ms),Is Sorted,Elements
0,1000,Bubble Sort,60.60810000053607,True,1000
1,1000,Insertion Sort,28.802100001485087,True,1000
2,1000,Merge Sort,2.95880000339821,True,1000
3,1000,Heap Sort,2.925299995695241,True,1000
4,1000,Quick Sort,2.4403999996138737,True,1000
5,1000,Selection Sort,30.36860000429442,True,1000
6,1000,Counting Sort,2.8839000005973503,True,1000
7,1000,Radix Sort,2.0832000009249896,True,1000
8,1000,Stalin Sort.,0.15900000289548188,True,6
9,1100,Bubble Sort,74.8338999983389,True,1100
10,1100,Insertion Sort,45.73169999639504,True,1100
11,1100,Merge Sort,4.808099998626858,True,1100
12,1100,Heap Sort,4.709099994215649,True,1100
13,1100,Quick Sort,3.8487999991048127,True,1100
14,1100,Selection Sort,41.139900000416674,True,1100
15,1100,Counting Sort,3.225899999961257,True,1100
16,1100,Radix Sort,2.4172999983420596,True,1100
17,1100,Stalin Sort.,0.14739999460289255,True,6
18,1210,Bubble Sort,89.34720000252128,True,1210
19,1210,Insertion Sort,46.968000002379995,True,1210
20,1210,Merge Sort,3.6925000022165477,True,1210
21,1210,Heap Sort,3.990700002759695,True,1210
22,1210,Quick Sort,2.8238000013516285,True,1210
23,1210,Selection Sort,41.21389999636449,True,1210
24,1210,Counting Sort,3.05099999968661,True,1210
25,1210,Radix Sort,2.2828999935882166,True,1210
26,1210,Stalin Sort.,0.23779999901307747,True,6
27,1331,Bubble Sort,112.28059999848483,True,1331
28,1331,Insertion Sort,53.91580000286922,True,1331
29,1331,Merge Sort,4.448300001968164,True,1331
30,1331,Heap Sort,4.382099999929778,True,1331
31,1331,Quick Sort,3.894500005117152,True,1331
32,1331,Selection Sort,53.606900000886526,True,1331
33,1331,Counting Sort,2.521100002923049,True,1331
34,1331,Radix Sort,2.019599996856414,True,1331
35,1331,Stalin Sort.,0.16090000281110406,True,10
36,1464,Bubble Sort,136.35330000397516,True,1464
37,1464,Insertion Sort,65.36439999763388,True,1464
38,1464,Merge Sort,4.859299995587207,True,1464
39,1464,Heap Sort,5.146899995452259,True,1464
40,1464,Quick Sort,4.426799998327624,True,1464
41,1464,Selection Sort,68.66830000217305,True,1464
42,1464,Counting Sort,2.5217000002157874,True,1464
43,1464,Radix Sort,2.0506999935605563,True,1464
44,1464,Stalin Sort.,0.16090000281110406,True,9
45,1610,Bubble Sort,169.1313999981503,True,1610
46,1610,Insertion Sort,84.44589999999152,True,1610
47,1610,Merge Sort,5.539400000998285,True,1610
48,1610,Heap Sort,6.366499997966457,True,1610
49,1610,Quick Sort,3.8868999981787056,True,1610
50,1610,Selection Sort,74.45860000007087,True,1610
51,1610,Counting Sort,2.6932000037049875,True,1610
52,1610,Radix Sort,2.3625000030733645,True,1610
53,1610,Stalin Sort.,0.1916999972308986,True,8
54,1771,Bubble Sort,232.526500003587,True,1771
55,1771,Insertion Sort,112.70909999439027,True,1771
56,1771,Merge Sort,6.911200005561113,True,1771
57,1771,Heap Sort,6.2943000011728145,True,1771
58,1771,Quick Sort,4.3007999993278645,True,1771
59,1771,Selection Sort,93.22399999655318,True,1771
60,1771,Counting Sort,3.1865999990259297,True,1771
61,1771,Radix Sort,4.034899997350294,True,1771
62,1771,Stalin Sort.,0.2734000008786097,True,10
63,1948,Bubble Sort,251.3859999962733,True,1948
64,1948,Insertion Sort,124.61710000206949,True,1948
65,1948,Merge Sort,6.5447000015410595,True,1948
66,1948,Heap Sort,6.586499999684747,True,1948
67,1948,Quick Sort,5.277699994621798,True,1948
68,1948,Selection Sort,105.88039999856846,True,1948
69,1948,Counting Sort,3.595999995013699,True,1948
70,1948,Radix Sort,3.2073000038508326,True,1948
71,1948,Stalin Sort.,0.21360000391723588,True,7
72,2142,Bubble Sort,299.7294000015245,True,2142
73,2142,Insertion Sort,149.52379999886034,True,2142
74,2142,Merge Sort,8.129699999699369,True,2142
75,2142,Heap Sort,9.14069999998901,True,2142
76,2142,Quick Sort,6.496400004834868,True,2142
77,2142,Selection Sort,132.755200000247,True,2142
78,2142,Counting Sort,2.999200005433522,True,2142
79,2142,Radix Sort,3.5131999975419603,True,2142
80,2142,Stalin Sort.,0.24620000476716086,True,7
81,2356,Bubble Sort,362.5596999991103,True,2356
82,2356,Insertion Sort,176.0472999958438,True,2356
83,2356,Merge Sort,9.018400000059046,True,2356
84,2356,Heap Sort,7.8472999957739376,True,2356
85,2356,Quick Sort,8.437600001343526,True,2356
86,2356,Selection Sort,156.26879999763332,True,2356
87,2356,Counting Sort,3.579099997295998,True,2356
88,2356,Radix Sort,4.102300001250114,True,2356
89,2356,Stalin Sort.,0.3915999986929819,True,11
90,2591,Bubble Sort,453.7636000022758,True,2591
91,2591,Insertion Sort,213.18040000187466,True,2591
92,2591,Merge Sort,8.958600003097672,True,2591
93,2591,Heap Sort,9.595399998943321,True,2591
94,2591,Quick Sort,7.996500004082918,True,2591
95,2591,Selection Sort,202.61759999993956,True,2591
96,2591,Counting Sort,3.1631999954697676,True,2591
97,2591,Radix Sort,3.795299999183044,True,2591
98,2591,Stalin Sort.,0.2564000023994595,True,11
99,2850,Bubble Sort,569.5727999991504,True,2850
100,2850,Insertion Sort,306.8130999963614,True,2850
101,2850,Merge Sort,15.664399994420819,True,2850
102,2850,Heap Sort,17.79800000076648,True,2850
103,2850,Quick Sort,10.711800001445226,True,2850
104,2850,Selection Sort,262.70479999948293,True,2850
105,2850,Counting Sort,4.796499997610226,True,2850
106,2850,Radix Sort,7.991600003151689,True,2850
107,2850,Stalin Sort.,0.5926000012550503,True,6
108,3135,Bubble Sort,712.4639000030584,True,3135
109,3135,Insertion Sort,353.1435000040801,True,3135
110,3135,Merge Sort,10.52009999693837,True,3135
111,3135,Heap Sort,12.875200001872145,True,3135
112,3135,Quick Sort,7.892199995694682,True,3135
113,3135,Selection Sort,339.64299999934155,True,3135
114,3135,Counting Sort,3.3228999964194372,True,3135
115,3135,Radix Sort,5.032400003983639,True,3135
116,3135,Stalin Sort.,0.3823999941232614,True,7
117,3448,Bubble Sort,815.0695000003907,True,3448
118,3448,Insertion Sort,365.53619999904186,True,3448
119,3448,Merge Sort,12.474000002839603,True,3448
120,3448,Heap Sort,14.518100004352164,True,3448
121,3448,Quick Sort,9.690500002761837,True,3448
122,3448,Selection Sort,328.31420000002254,True,3448
123,3448,Counting Sort,3.352100000483915,True,3448
124,3448,Radix Sort,4.843099995923694,True,3448
125,3448,Stalin Sort.,0.46209999709390104,True,6
126,3792,Bubble Sort,931.9738999984111,True,3792
127,3792,Insertion Sort,443.3238000056008,True,3792
128,3792,Merge Sort,13.903400002163835,True,3792
129,3792,Heap Sort,16.681199995218776,True,3792
130,3792,Quick Sort,10.43000000208849,True,3792
131,3792,Selection Sort,383.62230000348063,True,3792
132,3792,Counting Sort,3.335400004289113,True,3792
133,3792,Radix Sort,5.515600001672283,True,3792
134,3792,Stalin Sort.,0.570999996853061,True,8
135,4171,Bubble Sort,1137.0339000059175,True,4171
136,4171,Insertion Sort,525.5911000058404,True,4171
137,4171,Merge Sort,17.973399997572415,True,4171
138,4171,Heap Sort,17.462799994973466,True,4171
139,4171,Quick Sort,14.022700001078192,True,4171
140,4171,Selection Sort,511.75720000173897,True,4171
141,4171,Counting Sort,3.5194000010960735,True,4171
142,4171,Radix Sort,8.605700000771321,True,4171
143,4171,Stalin Sort.,0.4250999991199933,True,11
144,4588,Bubble Sort,1400.719899997057,True,4588
145,4588,Insertion Sort,692.6126999969711,True,4588
146,4588,Merge Sort,16.392899997299537,True,4588
147,4588,Heap Sort,21.148900006664917,True,4588
148,4588,Quick Sort,13.701800002309028,True,4588
149,4588,Selection Sort,570.5116999961319,True,4588
150,4588,Counting Sort,3.5636000029626302,True,4588
151,4588,Radix Sort,6.367300004058052,True,4588
152,4588,Stalin Sort.,0.5278999960864894,True,10
153,5046,Bubble Sort,1843.3451000018977,True,5046
154,5046,Insertion Sort,774.038900002779,True,5046
155,5046,Merge Sort,23.204599994642194,True,5046
156,5046,Heap Sort,21.34019999357406,True,5046
157,5046,Quick Sort,16.028199999709614,True,5046
158,5046,Selection Sort,689.5147999966866,True,5046
159,5046,Counting Sort,4.015699996671174,True,5046
160,5046,Radix Sort,7.82019999314798,True,5046
161,5046,Stalin Sort.,0.734799999918323,True,5
162,5550,Bubble Sort,2061.9313000061084,True,5550
163,5550,Insertion Sort,931.208300004073,True,5550
164,5550,Merge Sort,20.73289999680128,True,5550
165,5550,Heap Sort,27.508699997270014,True,5550
166,5550,Quick Sort,17.37419999699341,True,5550
167,5550,Selection Sort,841.8528999973205,True,5550
168,5550,Counting Sort,5.668900004820898,True,5550
169,5550,Radix Sort,12.070299999322742,True,5550
170,5550,Stalin Sort.,0.5865999992238358,True,7
171,6105,Bubble Sort,2412.3302000007243,True,6105
172,6105,Insertion Sort,1146.9779000035487,True,6105
173,6105,Merge Sort,26.305800005502533,True,6105
174,6105,Heap Sort,25.95330000622198,True,6105
175,6105,Quick Sort,17.080799996620044,True,6105
176,6105,Selection Sort,1015.9635999953025,True,6105
177,6105,Counting Sort,6.193699999130331,True,6105
178,6105,Radix Sort,22.599200005060993,True,6105
179,6105,Stalin Sort.,0.5608999999822117,True,6
180,6715,Bubble Sort,2947.909599999548,True,6715
181,6715,Insertion Sort,1329.535200005921,True,6715
182,6715,Merge Sort,27.05939999577822,True,6715
183,6715,Heap Sort,29.28599999722792,True,6715
184,6715,Quick Sort,21.33450000110315,True,6715
185,6715,Selection Sort,1250.6320999964373,True,6715
186,6715,Counting Sort,4.300399996282067,True,6715
187,6715,Radix Sort,14.972400000260677,True,6715
188,6715,Stalin Sort.,0.6742999976268038,True,7
189,7386,Bubble Sort,3625.9820999985095,True,7386
190,7386,Insertion Sort,1639.2163999989862,True,7386
191,7386,Merge Sort,34.79919999517733,True,7386
192,7386,Heap Sort,33.10079999937443,True,7386
193,7386,Quick Sort,19.83029999973951,True,7386
194,7386,Selection Sort,1467.3005000004196,True,7386
195,7386,Counting Sort,4.585399998177309,True,7386
196,7386,Radix Sort,15.735400003904942,True,7386
197,7386,Stalin Sort.,0.7673000000067987,True,12
198,8124,Bubble Sort,4318.151299994497,True,8124
199,8124,Insertion Sort,2007.8266999989864,True,8124
200,8124,Merge Sort,36.48789999715518,True,8124
201,8124,Heap Sort,34.93940000043949,True,8124
202,8124,Quick Sort,24.12470000126632,True,8124
203,8124,Selection Sort,1756.9034000043757,True,8124
204,8124,Counting Sort,4.720500000985339,True,8124
205,8124,Radix Sort,13.867399997252505,True,8124
206,8124,Stalin Sort.,0.7504000022890978,True,10
207,8936,Bubble Sort,5304.9719000046025,True,8936
208,8936,Insertion Sort,2433.409799996298,True,8936
209,8936,Merge Sort,36.656100004620384,True,8936
210,8936,Heap Sort,38.466599995444994,True,8936
211,8936,Quick Sort,29.32670000154758,True,8936
212,8936,Selection Sort,2141.361900001357,True,8936
213,8936,Counting Sort,5.091599996376317,True,8936
214,8936,Radix Sort,14.27259999763919,True,8936
215,8936,Stalin Sort.,1.0576000058790669,True,9
216,9829,Bubble Sort,6885.8376999996835,True,9829
217,9829,Insertion Sort,2932.290099997772,True,9829
218,9829,Merge Sort,37.999000000127126,True,9829
219,9829,Heap Sort,41.642999996838626,True,9829
220,9829,Quick Sort,28.408699996361975,True,9829
221,9829,Selection Sort,2740.263399995456,True,9829
222,9829,Counting Sort,5.66380000236677,True,9829
223,9829,Radix Sort,19.633399999293033,True,9829
224,9829,Stalin Sort.,0.8765000020503066,True,11
225,10811,Bubble Sort,8221.03259999858,True,10811
226,10811,Insertion Sort,3627.488000005542,True,10811
227,10811,Merge Sort,48.08999999659136,True,10811
228,10811,Heap Sort,49.150400001963135,True,10811
229,10811,Quick Sort,30.569899994588923,True,10811
230,10811,Selection Sort,3239.729699998861,True,10811
231,10811,Counting Sort,6.13609999709297,True,10811
232,10811,Radix Sort,25.072299999010283,True,10811
233,10811,Stalin Sort.,1.3687999962712638,True,8
234,11892,Bubble Sort,9853.822900004161,True,11892
235,11892,Insertion Sort,4758.14719999471,True,11892
236,11892,Merge Sort,51.77160000312142,True,11892
237,11892,Heap Sort,60.15509999997448,True,11892
238,11892,Quick Sort,45.862599996326026,True,11892
239,11892,Selection Sort,4425.140300001658,True,11892
240,11892,Counting Sort,7.668099999136757,True,11892
241,11892,Radix Sort,25.966999994125217,True,11892
242,11892,Stalin Sort.,1.2951000026077963,True,9
243,13081,Bubble Sort,13153.937099996256,True,13081
244,13081,Insertion Sort,6116.093199998431,True,13081
245,13081,Merge Sort,59.42530000174884,True,13081
246,13081,Heap Sort,62.44330000481568,True,13081
247,13081,Quick Sort,44.2581999959657,True,13081
248,13081,Selection Sort,5225.973300002806,True,13081
249,13081,Counting Sort,7.559599995147437,True,13081
250,13081,Radix Sort,20.5052999954205,True,13081
251,13081,Stalin Sort.,1.0443999999552034,True,12
252,14389,Bubble Sort,14585.295099997893,True,14389
253,14389,Insertion Sort,6703.824099997291,True,14389
254,14389,Merge Sort,60.466999995696824,True,14389
255,14389,Heap Sort,64.95259999792324,True,14389
256,14389,Quick Sort,45.552600000519305,True,14389
257,14389,Selection Sort,5680.756800000381,True,14389
258,14389,Counting Sort,7.994999999937136,True,14389
259,14389,Radix Sort,22.993699996732175,True,14389
260,14389,Stalin Sort.,1.2625000017578714,True,8
261,15827,Bubble Sort,17454.702000002726,True,15827
262,15827,Insertion Sort,7842.136400002346,True,15827
263,15827,Merge Sort,68.52429999707965,True,15827
264,15827,Heap Sort,73.28439999400871,True,15827
265,15827,Quick Sort,51.43789999419823,True,15827
266,15827,Selection Sort,7417.092999996385,True,15827
267,15827,Counting Sort,12.34180000028573,True,15827
268,15827,Radix Sort,34.70099999685772,True,15827
269,15827,Stalin Sort.,1.4114000005065463,True,15
270,17409,Bubble Sort,22928.34690000018,True,17409
271,17409,Insertion Sort,12373.656800002209,True,17409
272,17409,Merge Sort,146.18199999677017,True,17409
273,17409,Heap Sort,171.7997000014293,True,17409
274,17409,Quick Sort,116.55600000085542,True,17409
275,17409,Selection Sort,13036.359400000947,True,17409
276,17409,Counting Sort,11.456000000180211,True,17409
277,17409,Radix Sort,30.556500001694076,True,17409
278,17409,Stalin Sort.,1.8154000063077547,True,6
279,19149,Bubble Sort,25508.25949999853,True,19149
280,19149,Insertion Sort,11655.032100003154,True,19149
281,19149,Merge Sort,80.7414000009885,True,19149
282,19149,Heap Sort,139.62670000182698,True,19149
283,19149,Quick Sort,66.81360000220593,True,19149
284,19149,Selection Sort,10425.788100001228,True,19149
285,19149,Counting Sort,8.321000001160428,True,19149
286,19149,Radix Sort,34.379700002318714,True,19149
287,19149,Stalin Sort.,2.1093999966979027,True,6
288,21063,Merge Sort,89.07799999724375,True,21063
289,21063,Heap Sort,108.39609999675304,True,21063
290,21063,Quick Sort,68.30430000263732,True,21063
291,21063,Counting Sort,9.293199997046031,True,21063
292,21063,Radix Sort,34.81879999890225,True,21063
293,21063,Stalin Sort.,1.9002999979420565,True,15
294,23169,Merge Sort,106.86369999893941,True,23169
295,23169,Heap Sort,116.07309999817517,True,23169
296,23169,Quick Sort,69.80830000247806,True,23169
297,23169,Counting Sort,10.074300000269432,True,23169
298,23169,Radix Sort,43.85349999938626,True,23169
299,23169,Stalin Sort.,1.8352999977651052,True,9
300,25485,Merge Sort,112.81740000413265,True,25485
301,25485,Heap Sort,136.1338999995496,True,25485
302,25485,Quick Sort,80.41039999807253,True,25485
303,25485,Counting Sort,18.22330000140937,True,25485
304,25485,Radix Sort,43.24379999889061,True,25485
305,25485,Stalin Sort.,2.733799999987241,True,7
306,28033,Merge Sort,159.96670000458835,True,28033
307,28033,Heap Sort,150.29969999886816,True,28033
308,28033,Quick Sort,102.20829999889247,True,28033
309,28033,Counting Sort,13.129099999787286,True,28033
310,28033,Radix Sort,56.07669999881182,True,28033
311,28033,Stalin Sort.,2.7996999997412786,True,11
312,30836,Merge Sort,145.58709999982966,True,30836
313,30836,Heap Sort,158.72140000283252,True,30836
314,30836,Quick Sort,102.76739999972051,True,30836
315,30836,Counting Sort,12.14310000068508,True,30836
316,30836,Radix Sort,59.13199999486096,True,30836
317,30836,Stalin Sort.,2.9945000060251914,True,9
318,33919,Merge Sort,157.81109999807086,True,33919
319,33919,Heap Sort,184.34430000343127,True,33919
320,33919,Quick Sort,111.26779999904102,True,33919
321,33919,Counting Sort,14.28979999764124,True,33919
322,33919,Radix Sort,68.55159999395255,True,33919
323,33919,Stalin Sort.,3.6784000039915554,True,14
324,37310,Merge Sort,189.05119999544695,True,37310
325,37310,Heap Sort,207.96790000167675,True,37310
326,37310,Quick Sort,130.67259999661474,True,37310
327,37310,Counting Sort,13.37529999727849,True,37310
328,37310,Radix Sort,75.03210000140825,True,37310
329,37310,Stalin Sort.,3.751099997316487,True,12
330,41041,Merge Sort,205.37939999485388,True,41041
331,41041,Heap Sort,219.28589999879478,True,41041
332,41041,Quick Sort,150.76499999850057,True,41041
333,41041,Counting Sort,14.974899997469038,True,41041
334,41041,Radix Sort,86.74629999586614,True,41041
335,41041,Stalin Sort.,3.4011999960057437,True,6
336,45145,Merge Sort,224.50860000390094,True,45145
337,45145,Heap Sort,287.37099999852944,True,45145
338,45145,Quick Sort,143.5399999973015,True,45145
339,45145,Counting Sort,16.89059999625897,True,45145
340,45145,Radix Sort,112.37039999832632,True,45145
341,45145,Stalin Sort.,3.8690999936079606,True,15
342,49659,Merge Sort,234.76649999793153,True,49659
343,49659,Heap Sort,277.18260000256123,True,49659
344,49659,Quick Sort,176.07569999381667,True,49659
345,49659,Counting Sort,18.02470000257017,True,49659
346,49659,Radix Sort,103.4189999991213,True,49659
347,49659,Stalin Sort.,5.572100002609659,True,13
